id,ss,ap,re,me,ha,rh,highlight,comment
1,7,6,6,6,5,6,,
1,6,6,7,7,7,6,1-2-3-4-5-6,"Again, writing not idiomatic to string quartet, but very convincing otherwise"
1,7,7,7,7,7,7,,
1,5,3,5,4,5,3,,
1,6,5,5,4,3,3,,
1,7,7,7,7,7,7,,
2,6,6,6,5,6,6,,
2,7,6,7,7,7,7,,
2,7,5,6,6,5,6,,
2,6,6,7,6,7,7,,
2,5,4,6,5,5,5,4,
2,7,4,7,6,7,5,,
2,7,7,7,7,7,7,,red herring?
2,6,7,6,6,7,7,,Beautiful virtuosic passages
3,6,6,5,6,6,6,,
3,7,7,7,7,7,7,,
3,5,4,5,5,5,4,,
3,6,4,3,5,5,6,,
3,7,6,7,6,6,6,,
3,7,6,6,7,7,7,,
4,7,7,5,7,7,7,,
4,7,7,7,7,7,7,,
4,7,5,7,7,7,7,,Sounds like Haydn or Mozart
4,2,6,5,2,4,4,,"As a string quartet, as an educated listener, I would say that it didn't ingender the typical characteristics that a string quartet correlates to, i.e., smooth, elegant, lyrical musical gestures. It feels much more Schubertian and Sturm und Drang."
4,5,3,6,5,6,5,,
4,7,7,7,7,7,7,,
5,7,7,7,7,7,7,,
5,6,7,5,6,7,6,,
5,7,7,7,7,7,7,,Sounds like the real deal.
5,6,4,6,6,5,5,,
5,7,4,7,5,6,6,,"Very feasible as a Classical work, moving toward the end of a section, with much harmonic confirmation of the tonic."
5,5,7,3,5,3,5,,
5,7,2,3,3,5,4,,
5,2,6,6,6,6,7,2,"I love the syncopation! This sounds like a Piano Sonata, not a String Quartet?"
6,7,7,7,7,7,7,,
6,6,5,5,5,5,7,,
6,7,5,7,5,5,6,,
6,4,3,6,5,5,4,,
6,5,3,6,6,6,6,,Sounds very much like an abrsm grade 3 version of a classical piece
6,3,4,6,4,4,3,,"This was close to stylistically successful, but the accented dissonant chords sounded out of place."
7,6,5,6,6,5,5,,
7,6,6,6,7,6,6,,
7,6,6,7,7,6,7,,
7,7,7,7,7,7,7,,
7,6,5,6,6,6,5,,
7,7,7,6,7,7,5,,
8,1,6,3,4,6,5,,
8,4,4,6,5,6,4,,
8,5,6,5,5,6,6,,
8,7,6,6,6,6,6,,
8,4,4,5,4,4,3,,
8,6,5,6,6,6,5,,
9,6,3,4,4,2,1,,
9,7,5,7,6,6,6,,
9,2,3,3,3,4,4,,
9,6,5,7,5,6,4,,
9,5,6,5,6,6,6,,
9,3,4,7,7,4,4,,
9,5,2,7,4,5,2,,
9,5,1,5,3,3,7,,
10,6,6,7,6,6,6,,
10,7,5,7,7,5,6,,
10,6,6,7,6,6,7,,
10,7,7,7,7,7,7,,
10,6,5,7,6,5,5,6,ha!
10,6,1,7,2,1,2,,
11,6,4,6,7,7,6,,
11,5,3,5,6,6,4,,
11,7,6,7,6,7,6,,
11,7,7,7,7,7,7,,
11,7,5,7,7,7,7,,"One of the very few examples that actually sounds like it could be a ""real"" piece"
11,6,5,6,5,6,5,,Most representative so far.
11,5,4,5,5,4,4,,
12,7,7,7,7,7,7,2-3,"Balanced, imitative passages. The most ""Classical"" sounding excerpt yet!"
12,7,6,7,6,6,7,,
12,4,7,6,6,6,5,,
12,7,6,7,7,7,7,,
12,7,6,7,7,5,6,,
12,6,4,7,4,3,3,,
13,5,7,6,7,7,7,,"Loved this one, though it sounded more like a game soundtrack than a string quartet."
13,7,6,7,5,7,7,,
13,7,6,7,7,7,7,,
13,7,1,7,4,2,1,,
13,6,6,6,6,7,6,,
13,5,4,6,6,5,6,3-4-5,"Piano idiom, not string quartet, but quite accurate in terms of harmony and rhythmic development"
13,7,5,5,5,6,6,,The chords groups following the melodic phrases make this sound very much like a string quartet texture.
13,7,7,7,7,7,7,,
14,7,7,7,7,7,7,,
14,6,4,5,6,6,6,,
14,7,4,5,5,5,4,,
14,7,7,7,7,7,7,,
14,7,6,6,6,5,6,1-2-3-4,
15,6,6,7,5,6,6,,
15,5,3,5,4,5,6,,A little too repetitious for this period.
15,7,7,7,7,7,7,,
15,7,7,7,7,7,7,,
15,7,6,7,7,7,7,,
15,6,6,7,6,7,7,,"I would say it sounds more like a Mozart piano sonata than a string quartet, but otherwise, great stuff."
15,7,6,7,7,7,7,,
16,2,3,6,4,4,4,,
16,3,6,7,7,7,7,,
16,7,7,7,7,7,7,,This one is extremely convincing — I suspect it is real. It also makes the others less convincing by comparison.
16,7,6,7,7,7,7,,
16,4,5,4,5,3,2,,
16,6,4,6,5,5,6,,Texturally it would be characteristic of a classical period string quartet. The harmony started to meander after a while.
16,5,5,6,7,7,6,,
17,7,7,7,7,7,7,,Pretty sure this is beethoven
17,7,7,5,6,7,6,,Brightness and trilling glory. Reminds me of Mozart and Cosi Fan Tutte a bit or Le Nozze!
17,7,6,7,7,7,7,,
17,3,4,5,6,6,5,,
17,7,7,7,7,7,7,,
17,6,4,3,6,6,6,,
17,5,4,4,5,3,5,,
17,7,7,7,7,6,7,,
18,2,3,6,4,4,4,,
18,7,7,7,7,7,7,,
18,7,5,7,6,7,5,,
18,6,5,5,6,6,6,,
18,4,4,5,5,4,4,,
18,5,5,3,6,6,5,,
18,7,7,7,7,7,7,,
19,7,5,7,6,7,7,,
19,5,6,5,5,6,4,,
19,6,4,6,6,3,6,,
19,7,1,7,7,7,2,4,
19,4,2,5,5,2,6,,The harmonic language of this excerpt is not convincing.
19,7,5,6,6,7,7,5-6,the ending sounds exactly like mozart
19,6,5,5,5,4,4,,
19,4,6,7,6,7,7,,
20,7,6,6,6,7,7,,
20,7,7,7,7,7,7,,
20,6,5,6,4,6,5,,
20,1,1,1,1,1,1,,
20,6,4,6,6,6,6,,None
21,7,6,7,7,7,6,,
21,6,6,3,5,6,5,,
21,7,7,7,7,7,7,,
21,5,4,6,5,5,4,,
21,6,5,4,6,6,6,,
22,7,6,7,5,5,5,,
22,7,6,7,5,6,6,,
22,2,5,5,6,6,6,,
22,7,6,6,4,4,4,,
22,6,7,7,6,6,6,6,"I can hear the resolution in my head! I love the catch-step notes at the end, it must be Mozart! It's light and fun."
22,4,6,5,4,5,5,,once again quite baroque sounding
22,7,6,7,6,6,6,,
22,7,6,7,7,6,6,,
23,7,5,6,7,6,5,,
23,7,7,7,6,7,6,,
23,5,4,6,7,6,3,,
23,7,7,7,7,7,7,,
23,7,6,7,6,6,6,,
24,7,6,6,7,7,6,,
24,7,7,7,6,7,7,,"I'd believe if this were ""real."""
24,4,4,6,4,6,5,,The sense of harmonic progression helped to give a sense of coherence and direction which was lacking in the first 2 excerpts.
24,5,4,5,5,6,3,5-6,"Opening had a decent melody, which later deteriorated.  Last 2 segments were quite hackneyed."
24,6,5,7,6,7,7,,
24,6,6,7,7,6,7,,
25,3,4,5,4,3,4,,
25,5,4,6,6,5,7,,
25,5,4,4,3,2,3,,
25,4,3,3,5,4,5,,
25,7,7,6,7,7,6,,
25,6,5,4,6,5,5,,
26,2,1,2,1,3,3,,
26,2,4,5,4,3,4,,
26,3,2,6,2,3,2,2,
26,2,1,4,2,2,4,,None
26,7,6,6,5,5,5,,
26,6,3,6,6,3,6,,
27,7,5,6,6,5,6,,
27,4,1,3,3,2,1,,
27,4,3,2,3,5,4,,
27,6,4,6,4,4,3,,
27,4,3,4,4,5,4,,
27,5,4,4,4,4,3,,
27,6,5,6,6,6,2,6,For the rhythm at the end
28,4,4,6,4,5,4,,
28,3,4,4,2,4,5,,
28,6,5,5,5,4,5,,
28,5,4,6,5,4,5,,
28,3,5,5,4,2,6,,
29,5,5,5,4,6,5,,
29,5,5,7,5,4,6,,
29,3,2,4,1,1,3,,There's elements of classical and baroque here but it sounds a bit messy
29,4,3,2,1,4,2,,
29,3,2,5,3,2,4,,
30,2,2,5,3,2,6,,
30,5,3,5,5,4,4,,
30,2,2,4,5,3,3,,
30,4,3,3,3,2,2,,
30,3,2,2,3,3,1,5-6,
30,5,5,6,6,4,4,,
30,5,2,7,5,5,3,,
31,4,6,6,4,5,6,,
31,4,4,6,5,4,6,,
31,3,3,4,3,3,4,,
31,4,4,5,3,3,2,,"Again, little authentic units that seem to be randomly strung together"
31,6,6,7,5,5,6,,
31,4,4,4,4,1,1,,
32,6,5,5,5,4,5,,
32,2,1,2,2,4,3,,
32,4,3,4,5,3,2,,
32,3,4,5,3,3,2,,
32,5,3,4,4,3,5,,
32,6,5,6,5,5,4,,
32,1,1,1,1,1,2,,
32,5,6,6,6,6,6,,Sounded Beethovian
33,5,3,3,2,2,2,,
33,4,4,5,4,5,2,,
33,4,5,5,5,5,5,,
33,3,3,2,3,5,2,,
33,6,5,5,6,6,6,,
33,3,2,7,4,3,4,,
33,5,4,6,5,6,2,,"At any given moment (or 2), the style seemed right but taken as a whole, it didn't have consistency."
33,3,2,4,4,3,3,6,The last few seconds are very odd.
34,6,5,5,2,6,5,,
34,2,2,6,3,1,1,,
34,4,3,3,3,3,3,,
34,5,6,5,5,5,6,,
34,5,5,5,3,4,3,,
34,4,5,3,4,3,5,,
34,4,2,5,4,3,4,,
34,3,3,4,3,6,2,,
35,2,3,3,2,2,2,,
35,1,3,7,7,7,4,,"At least three repetitions of the melody makes this melodically memorable. The harmonies do not sound ""Classical."""
35,4,4,6,4,2,5,,
35,3,3,4,3,3,3,,
35,2,2,4,1,5,1,,
35,1,1,6,1,2,4,1,None
35,3,3,5,5,2,5,,
35,2,1,3,2,2,4,,
36,3,1,5,2,3,4,1,"I could not tell if this was an accident by the MIDI or simply something out of rhythm. I didn't enjoy this piece at all, although I did love parts of the whole."
36,3,2,4,3,2,1,,
36,2,3,5,3,4,1,2-4-5,The rather abrupt stops/rests were atypical of classical era.
36,3,2,4,4,3,2,,Sudden starts and stops really detract from hearing this as more than fragmented harmonic ideas.
36,3,2,5,3,4,3,,
36,3,2,3,2,2,2,,
37,3,3,5,2,1,4,,
37,5,5,6,6,6,5,,Very nice melancholic melody
37,5,4,6,5,5,4,,
37,3,3,5,2,2,2,,
37,5,6,6,6,5,3,,
37,7,4,7,5,5,4,,
37,3,6,7,5,6,6,,
37,1,1,3,1,1,2,,
38,5,4,6,6,4,5,,Some weird unclear introduction rhythm that appears a few times.
38,4,4,5,5,4,4,,
38,2,1,5,1,4,2,,
38,6,6,6,5,6,4,,
38,5,3,6,5,5,3,,
39,3,3,3,3,3,3,,
39,3,2,2,1,2,2,,
39,6,5,6,4,3,6,,
39,5,6,6,4,6,6,,
39,2,2,2,2,2,2,,
40,3,5,6,4,4,3,,
40,3,4,6,6,6,3,,
40,1,2,2,1,1,1,,
40,2,1,6,2,3,1,,
40,2,3,4,2,3,3,,
40,1,1,1,1,1,1,,
40,4,4,6,3,5,5,,
41,3,3,4,4,4,2,,
41,4,3,6,5,4,4,,
41,2,2,5,4,3,2,2,
41,1,2,2,1,2,2,,
41,1,1,4,1,1,1,,
41,3,2,5,3,4,4,,
41,3,1,5,4,3,1,,
41,2,3,4,2,2,1,2-4,The abrupt rests are not part of the balanced style of Classical era
42,5,5,6,5,5,3,2,Strange unexpected rest at around 0:08
42,6,5,6,5,3,6,,
42,2,6,4,5,6,6,,
42,4,5,6,5,6,5,,
42,6,5,6,6,6,4,,
42,6,3,7,5,5,4,,
42,3,3,2,2,3,2,,
43,5,6,6,5,4,6,,
43,4,3,2,3,4,3,,
43,5,4,3,4,2,1,,
43,5,5,5,6,5,5,,
43,2,2,5,3,4,5,,
43,2,1,4,2,1,1,,
44,3,2,5,2,2,5,,
44,5,5,5,4,5,4,,
44,2,3,3,2,2,2,,
44,4,4,5,4,4,4,,
44,2,6,5,6,6,1,,
44,3,1,2,3,3,3,,
44,5,4,6,4,6,6,,
45,3,4,5,4,5,5,4-6,Marked segments weird or atypical
45,5,4,6,5,5,4,,
45,5,5,7,2,3,3,,
45,5,2,5,3,4,2,,
45,5,5,6,4,5,4,,
46,3,4,5,4,3,4,,
46,2,2,5,3,4,3,,
46,3,4,6,3,2,5,,
46,6,5,6,4,4,4,,
46,2,2,5,3,2,4,,
46,3,5,6,3,5,6,1,There was a leading tone in the melody that appeared a lot without resolution. It distracted me from a lot of other aspects of the excerpt.
47,6,5,7,5,5,4,,
47,1,1,2,2,3,1,,None
47,1,6,5,3,3,1,2,Sounds like the except is being swung.
47,2,2,5,2,2,2,,
47,1,1,1,2,3,6,,
47,2,5,4,3,6,2,,
47,4,3,5,4,4,4,,
47,2,1,5,4,3,1,2,"What even is this? I cannot tell what any of these pieces are in its MIDI version. I thoroughly hated this one. Also, the slight ragtime feeling to it gave an odd impression in my musical mouth."
48,4,3,5,6,4,6,,
48,4,2,4,2,3,3,,
48,5,5,6,6,6,4,6,"I love the suspension around 25 seconds. That, in a string timbre, would sound marvelous in person!"
48,4,2,2,5,6,2,,
48,3,1,4,5,5,1,2,The holes in it ruin what would be a fairly stylistically accurate example
48,6,6,7,6,6,6,,
48,6,6,5,4,6,6,2-6,
49,3,2,2,1,1,3,,
49,3,1,3,2,2,3,,"Like an earlier example, the gestures are here but the elements are all off."
49,4,4,6,4,5,5,,"It was fine, this is one of the examples that would have sounded better as a String Quartet and not a MIDI"
49,3,2,6,3,4,1,3,"at 0:13, there was a cross-relation or something that stood out as harmonically astylistic. Generally, the hypermeter seems randomized and not at all what you'd expect from a Classical, well-formed phrase structure."
49,3,4,5,4,5,5,,
50,5,6,6,6,5,2,,
50,4,5,5,3,4,5,,
50,1,1,3,2,1,1,,Grammatically incoherent.
50,2,3,6,3,5,1,,
50,1,2,3,2,1,1,,
50,4,3,5,3,4,1,,"It's very hard to think of stylistic accuracy here with the piano midi timbre. It makes it very difficult to hear the different parts, and it totally erases stylistic performance practice"
51,2,4,6,4,3,6,,
51,2,5,6,4,5,3,,
51,1,5,3,4,4,2,,Not in a classical string quartet style but initially enjoyable to listen to.
51,3,3,5,2,3,3,,
51,1,1,6,2,3,2,,
51,2,5,3,2,1,3,,
52,2,3,2,2,3,3,,
52,5,2,5,3,4,3,,
52,1,1,1,1,1,1,,
52,6,5,6,4,4,5,,
52,1,1,2,1,1,4,,
52,1,4,2,2,1,1,,All over the map.  I actual kind of liked it but certainly doesn't meet expectations of Classical era.
53,4,3,4,4,4,5,,
53,3,2,4,3,3,2,,
53,3,3,5,4,3,2,,
53,2,2,2,2,2,2,,
53,4,3,5,3,3,5,,
53,1,3,5,3,4,2,,
53,3,5,1,5,6,2,,
54,3,5,6,5,5,3,,
54,4,3,5,3,4,5,,
54,2,4,2,3,3,3,,
54,3,4,6,4,5,5,,
54,2,1,2,2,2,1,1-2-3-4,Very random
54,4,3,2,3,3,2,,
54,3,5,6,5,6,3,,
54,5,5,4,6,6,7,,
55,4,3,4,3,3,3,,
55,6,5,4,4,4,6,,
55,6,5,5,6,5,5,,
55,3,5,5,3,2,3,,
55,1,2,5,1,1,1,2-3-4-5-6,"After 1st 5"", the piece meandered & was unbalanced and atypical."
55,2,4,3,2,2,5,4,
56,2,1,2,1,3,1,1,"Until 0:05, it was great"
56,2,2,2,3,2,3,,
56,1,1,2,1,3,1,3,"(I can tell you all had fun) It starts off quite nicely, but continues into an Ivian, uber-tonal concoction. However, I was conflicted due to the tonal quality amongst the myriad of conflicting harmony. Therefore, the ear doesn't necessarily feel 'hurt.'"
56,2,2,2,1,1,1,,
56,1,6,5,2,7,4,2-4,"Not at all representative of Classical era, but then I like a broader harmonic palette,"
57,1,1,1,1,3,2,,
57,2,2,3,2,1,1,,Sounds a bit like Nancarrow.
57,2,2,5,3,3,3,,
57,2,2,3,1,2,1,1,Until 0:05 it sounds like some sort of jazz opening
57,2,5,2,4,3,6,4-5,
57,2,1,1,2,2,2,,
58,3,1,6,3,3,3,,
58,2,2,2,1,2,2,,
58,2,3,5,4,3,5,,
58,2,5,2,5,3,1,,
58,4,4,6,6,2,6,,
58,5,6,5,4,3,1,,
58,1,2,2,4,3,1,1-2-3-4-5-6,Sounds like a random collection of notes from a the same key.
59,2,2,1,1,1,1,,
59,2,2,1,1,1,1,,
59,2,2,3,3,3,3,,Muddy low range.
59,3,3,2,2,2,2,,
59,2,6,4,7,7,7,3-4,
59,2,1,3,3,1,3,,
59,2,1,1,2,2,2,1-2-3-4,meandering
59,4,3,2,2,2,1,,
60,3,2,3,2,2,2,,Strange dissonances in the first half.
60,3,3,6,2,2,2,,
60,4,6,4,3,4,3,,
60,1,2,5,2,2,2,,
60,2,2,6,4,3,3,,
61,5,5,4,5,6,6,,
61,4,4,4,4,3,2,,
61,2,3,5,2,3,6,,
61,1,2,7,3,3,2,,
61,3,3,4,3,4,3,,
61,1,4,5,3,3,2,,
62,1,1,1,1,1,1,,
62,3,2,2,1,1,3,,
62,1,4,4,4,3,2,,
62,3,3,3,2,2,2,,
62,2,1,5,2,2,1,,
62,4,2,4,4,2,4,,
62,2,3,4,4,4,3,,"I hear the real composition among the odd onsets, but I just simply cannot like it in this form."
62,3,1,3,4,4,2,,parts are rhythmically uncoordinated
63,1,1,1,1,1,4,,Conlon Nancarrow??
63,3,2,4,4,4,2,,
63,3,4,3,4,2,1,,
63,4,3,7,3,2,4,3-4-5-6,This one seemed to start stylistically convincingly but then quickly lost that starting around 0:10
63,1,4,4,3,2,2,,"Like Excerpt 17, this was stylistically chaotic and not at all in keeping with expectations of a classical string quartet.  However, it did have some interest for the listener."
64,2,2,5,2,2,2,,
64,1,2,6,2,2,2,5-6,
64,5,3,4,2,1,1,,
64,4,5,5,4,3,2,,
64,4,6,6,6,5,5,,
65,3,6,4,5,5,4,,
65,4,4,3,4,4,3,,
65,1,2,2,1,3,2,,
65,4,2,4,3,3,3,,
65,6,6,7,5,6,7,,"Sounds a lot like Beethoven, really pleasing to listen to"
65,2,2,3,1,2,1,,
65,1,1,4,2,4,1,,
66,2,1,4,2,5,3,,
66,3,4,3,2,2,3,,
66,1,3,4,3,2,1,,
66,2,3,4,1,2,1,,
66,1,1,1,1,1,2,,
66,6,5,5,5,5,4,,
66,4,4,5,3,4,5,,
67,1,1,1,1,1,1,,
67,4,4,6,3,4,4,,
67,1,3,3,1,1,1,,
67,2,2,6,1,1,1,,
67,1,3,7,2,1,3,,
67,1,1,2,1,1,1,,
68,2,5,6,2,3,1,,I like this a lot (but I'm into computer music)
68,2,5,4,3,4,5,,
68,6,3,3,5,4,5,,
68,2,3,2,4,5,3,,
68,6,6,5,6,5,5,,
68,1,4,3,2,3,1,,"Despite the considerable stylistic errors, this excerpt was interesting to listen to and to follow."
68,1,2,1,1,1,1,,
68,3,5,4,3,3,2,,
69,5,6,5,6,5,5,,
69,5,5,5,4,3,6,,
69,3,6,5,5,4,5,,
69,4,3,5,3,4,3,,"The thinness of the texture at some moments point to me that this is suitable as a String Quartet, although I didn't enjoy the broken melody."
69,3,2,2,1,3,2,,
69,3,4,4,2,3,2,,
69,4,2,2,3,3,4,,
70,4,5,6,5,5,4,,
70,5,4,5,2,1,3,,
70,2,4,6,3,5,2,,The rhythms sounded swung
70,2,5,5,4,5,5,,
70,4,5,6,5,5,3,,
70,5,4,5,4,3,3,,
70,1,5,6,3,2,7,4-5-6,
71,1,4,3,4,6,4,,
71,2,3,7,1,3,2,,
71,3,3,7,2,3,2,,
71,2,2,4,3,3,2,,
71,2,1,5,1,4,3,,
71,4,5,5,3,5,4,,"It sounds like Barber or other Chamber composers due to the large pauses, which I am assuming would be filled with the bowing of the instruments."
72,2,2,5,3,2,4,,
72,1,5,2,2,4,1,,
72,2,2,2,1,4,1,,
72,6,4,5,4,5,2,,
72,3,2,5,3,2,2,,
72,5,5,4,5,6,5,,
72,3,5,3,3,3,4,5,"Very chromatic, and sounded fine at the beginning, but at 0:20 the texture shift was jarring."
73,4,5,5,5,5,4,,
73,5,3,4,3,5,4,,
73,3,3,5,6,1,5,,
73,1,1,1,1,1,1,,
73,3,2,4,3,2,4,,
73,2,2,4,2,2,1,,None
73,2,3,2,2,3,2,,
74,5,4,4,4,4,4,,
74,2,2,3,3,3,2,,
74,3,1,2,4,1,7,,
74,1,1,1,1,1,1,,Aimless.
74,2,6,4,5,5,6,,
74,2,3,1,4,3,3,,
75,2,2,2,2,2,2,,
75,3,3,6,4,1,2,,
75,2,3,7,4,5,6,,
75,1,1,2,1,1,2,,
75,4,3,6,3,5,6,,
75,5,5,4,5,4,5,,
75,1,1,1,1,1,1,1-2-3-4-5-6,Walking bass with random chords and a disjunct melody? Definitely made-up.
75,5,5,6,4,5,3,,
76,4,3,7,3,5,6,6,
76,7,4,3,6,6,6,,
76,2,1,1,2,2,3,,
76,5,5,6,6,1,5,4-6,Part f sounds out of place.
76,4,4,3,2,1,1,,
76,4,2,5,4,2,5,,
77,5,5,4,3,2,5,,
77,5,2,4,2,2,3,,
77,5,5,6,6,3,4,,
77,3,3,5,4,5,4,6,"The final five seconds I did not enjoy at all. Perhaps it was the MIDI's fault, but the repetition felt forced and slightly too long. But the form itself was fine and fairly typical to pieces of the Baroque period. The middle section was gorgeous, Haydn?"
77,5,4,5,4,6,6,6,It was going well until that tri-tone bit at the end.
77,4,3,4,3,3,5,,
77,2,3,3,3,3,3,,
77,5,5,4,4,4,4,,
78,5,3,4,3,5,4,,
78,6,5,5,6,6,6,,
78,5,4,5,4,4,5,,
78,5,6,4,3,2,4,,
78,5,5,5,4,4,4,,
78,6,3,3,4,4,3,,
79,3,2,1,4,6,1,,
79,6,4,3,3,2,2,,
79,6,5,5,5,6,4,,
79,7,7,5,6,6,4,,
79,2,2,1,2,5,1,,
79,2,2,3,3,2,4,4,"Harmony is a bit off throughout, but the sudden shift around  0:16 is jarring, and not in a good way."
79,4,4,4,4,5,5,,
80,5,3,4,3,3,4,,
80,3,4,5,3,3,4,,
80,6,6,6,7,6,6,,
80,2,2,3,4,5,3,,
80,6,5,5,5,6,5,,
80,5,7,5,6,5,4,,
81,3,4,6,3,5,2,,
81,4,5,5,5,5,6,,
81,3,1,3,1,2,4,4-5-6,"Rhythmically, the first segment(s) were more varied & more interesting, but then about 1/2 way through the rhythm became inconsistent or even erratic (atypical)."
81,3,3,3,4,5,5,,
81,5,5,6,4,4,5,3,The chord repetition at 0:14 was comical.
81,3,3,5,5,5,2,,
82,2,1,6,2,2,3,,"Too much repetition melodically, harmonically, rhythmically and texturally."
82,3,5,4,3,3,6,,
82,4,4,4,3,3,4,,
82,3,2,7,3,5,4,,
82,3,1,3,2,2,3,,I found the opening 15 seconds or so to be aesthetically pleasing but not stylistically successful.
82,5,4,4,4,4,4,,
82,5,4,3,5,5,4,,
83,5,4,5,4,5,6,,
83,4,4,5,4,3,4,,
83,4,3,3,4,4,4,,
83,3,3,4,1,3,3,,
83,3,3,2,2,4,2,,
83,3,1,3,3,2,4,,
84,2,1,3,1,1,2,,
84,1,3,6,3,2,4,,
84,5,4,5,3,5,5,,
84,2,2,6,2,3,3,2-3,boring
84,4,4,5,4,3,5,6,"It ended uresolved. Thank you. It was fine, not a stand out but that is due to the form. The beginning felt disattached to the latter half in a aesthetical way."
84,4,3,4,2,4,4,,
84,6,5,5,6,5,5,2-4,
84,3,2,3,3,3,2,,
85,2,2,3,3,4,6,,
85,2,5,6,5,5,4,,
85,2,3,2,3,3,4,,
85,7,5,7,4,6,6,,Nice and stylistically successful but not to my taste
85,5,3,7,6,6,5,,
85,4,4,5,4,3,4,,
85,3,5,6,5,3,5,,
85,2,2,4,3,2,4,3,
86,7,4,5,3,2,6,,
86,5,3,5,7,2,3,,
86,3,3,5,5,4,3,,
86,4,4,4,4,5,5,,
86,4,3,3,3,3,4,,
86,3,6,2,6,7,7,,
86,1,1,1,1,1,3,,"No apparent pattern to the harmony, no clear melody."
86,1,2,3,3,4,6,,
87,3,4,4,2,3,3,3-4-5-6,starts promising and falls apart
87,1,3,1,1,3,3,,Sounds like a game soundtrack  definitely doesn't sound classical
87,5,3,5,4,4,5,,
87,2,5,4,3,4,4,,"It's fine. I love the beginning, again feels very Etude like. However, I wouldn't and cannot see this as a String Quartet because of the written trill and soloist feel of the entire piece, sonata like?"
87,2,2,5,2,3,3,,None
87,5,3,7,3,5,7,,
87,5,6,6,6,5,6,,
87,2,3,3,2,3,3,,
88,3,2,1,1,3,4,,
88,3,3,3,2,2,2,,
88,2,6,3,6,7,6,,
88,5,3,5,4,3,4,,
88,5,5,5,4,6,4,,
88,6,5,3,2,2,1,,
89,5,6,5,4,5,4,,
89,4,4,5,4,7,3,,
89,5,3,5,6,5,4,,
89,3,2,4,4,3,4,,
89,6,4,5,5,5,5,,
90,3,6,4,4,5,5,,"I love the beginning, it feels very Klavierstucke. Very Bach, but then it gets  a bit funky towards the end. The octaves at the end are interesting as well."
90,7,7,6,6,5,5,,
90,6,3,6,5,4,3,,
90,5,4,4,4,4,6,,
90,3,4,5,4,5,5,,
91,6,5,7,3,3,6,3,
91,5,5,6,4,4,4,,
91,7,6,6,6,5,5,1-2-3-4,
91,4,5,5,4,5,4,,
91,1,3,5,6,3,6,3-5,Harmonies sound quite odd in several places.
91,3,3,4,3,3,3,,
91,5,3,6,2,2,2,,Harmony was quite static at times and at others it seemed to meander.
92,5,6,6,4,5,4,,
92,4,3,5,3,4,2,,
92,3,3,5,4,3,3,,
92,2,2,2,2,2,3,,
92,4,3,5,5,3,4,,
92,6,2,5,4,5,5,,
93,3,5,6,6,7,6,,
93,3,3,4,2,1,5,,
93,6,6,2,3,3,4,,
93,3,2,4,3,2,5,,
93,2,2,4,4,2,6,,
93,2,2,4,1,3,3,3-4,
93,2,2,3,5,2,5,,String quartet by way of a bad Webern impersonator...
94,6,5,5,3,4,3,,
94,6,5,6,6,6,5,,
94,4,4,3,6,4,4,6,Weird rhythm when it starts fading out
94,3,2,4,3,4,5,,
94,2,2,3,3,4,4,,None
95,4,4,4,4,3,2,,
95,2,1,3,2,2,3,,
95,2,2,2,1,4,2,,
95,6,6,4,6,7,5,,
95,5,4,4,3,2,2,,
95,5,4,3,4,3,3,,
96,3,4,2,4,4,4,,
96,4,3,6,4,3,5,,
96,4,5,3,4,4,3,,
96,2,2,4,5,1,3,,Good melody but no harmony
96,6,5,5,5,5,4,,
97,4,5,4,5,4,3,,
97,5,4,3,3,2,2,,
97,2,1,2,2,2,3,,"This excerpt has some gestures characteristic of a classical quartet but the overall effect is not convincing, mostly because of a lack of logic in the harmony."
97,2,1,1,1,2,2,,
97,4,2,3,3,1,4,,
97,5,4,5,6,3,6,,
97,4,3,4,4,5,2,,
98,2,2,2,2,3,1,,
98,2,2,2,2,2,4,,
98,4,4,3,3,4,3,,
98,4,3,5,4,4,4,,
98,5,4,5,4,4,3,,
98,5,3,5,4,4,4,,
98,3,3,2,3,4,3,,
99,4,3,4,5,5,5,,
99,4,5,5,2,4,5,5-6,
99,2,3,3,2,3,4,1-2-3,Very strange form
99,6,5,4,5,5,5,,
99,6,5,5,6,5,6,,
99,4,4,5,4,4,4,,
100,1,1,1,1,3,2,,
100,2,1,3,2,2,2,,Stylistically inconsistent.
100,3,2,2,5,3,6,,
100,2,5,2,6,4,3,,
100,4,4,4,4,5,5,,
100,5,5,4,4,4,5,,
100,4,3,5,3,2,4,,"A match in small chunks, but no continuity"
100,4,3,5,5,4,4,,
101,5,5,6,3,2,1,,
101,6,5,5,5,5,7,,
101,5,6,5,5,7,6,,
101,6,6,7,4,7,6,3,
101,5,4,5,5,5,5,6,
101,5,7,6,6,6,5,,
102,3,3,4,2,2,2,,
102,2,2,1,1,2,2,,
102,1,2,6,2,2,1,,
102,4,3,2,3,3,3,,
102,2,3,2,2,2,5,,
102,5,2,2,4,4,6,,
102,4,4,4,5,3,6,,
102,3,2,3,3,1,2,,
103,6,4,5,4,4,5,,
103,6,7,6,6,6,4,,
103,7,7,7,5,7,7,,
103,3,3,4,2,5,1,1,
103,7,6,7,6,7,7,,
103,6,3,6,7,3,5,,
103,7,6,6,5,6,5,,
103,5,3,4,4,4,4,,
104,5,6,6,5,6,7,,
104,4,4,4,4,3,4,,
104,6,7,5,6,4,3,,
104,7,6,6,6,6,7,,
104,6,5,4,4,4,3,,
104,5,5,6,3,4,5,,"Started off great, but some early wonkiness in the harmony threw me off. then it got stylistically inconsistent."
105,5,2,5,5,5,5,,"Sounded pleasing, nice melody and harmony"
105,2,2,4,2,2,2,,The shift from duple to triple is atypical.  Overall is not balanced and symmetrical as expected.
105,3,2,3,2,3,5,,
105,2,1,2,1,3,3,,
105,4,4,5,4,3,3,,
105,3,2,7,3,3,2,,
105,2,5,3,5,4,3,,
105,2,1,2,2,3,3,,
106,5,4,5,4,4,3,,
106,6,6,6,6,4,5,,
106,2,3,2,2,2,2,,
106,4,5,6,6,5,4,2-3,
106,6,5,5,4,5,6,6,"I would have loved to have heard the entire piece. Very beautiful, although it was a tough place to start and the repetitions sound mechanical although in person it would have been different."
106,2,1,3,4,1,3,,The harmony and melody do not mesh successfully.
106,2,2,6,2,4,6,,
107,4,3,5,4,3,5,,
107,3,2,3,2,3,2,,
107,2,1,2,1,1,1,,
107,1,1,2,1,1,2,,Lots of repetition but not stylistically consistent!
107,3,2,2,1,3,2,4-5-6,
107,4,2,5,2,4,3,,
107,2,2,4,2,2,4,3,poor use of harmony; too much repetition.
107,1,5,6,6,2,6,6,"Too repetitive to sound ""Classical."" Sounds vaguely minimalistic."
108,5,3,5,5,2,5,,
108,2,1,5,1,3,4,,Texturally it started in a way that was characteristic of a classical string quartet. Harmonically and melodically it was not consistent at all with the language of the period.
108,2,3,4,3,5,4,,
108,5,4,5,4,3,4,,
108,3,3,5,4,3,2,,
109,5,2,5,5,3,2,,
109,5,5,6,4,4,3,,
109,6,5,7,6,4,6,,
109,5,4,5,2,1,4,,
109,4,2,5,4,3,5,,
109,2,1,2,1,4,1,,Just doesn't sound classical at all
109,3,4,6,4,3,4,,Phrase lengths are strange.
110,6,6,5,6,5,5,,
110,3,3,2,5,2,3,,
110,4,5,5,5,3,6,,
110,5,3,5,4,5,5,2,
110,6,3,7,4,4,3,,
110,4,3,4,3,3,5,,
111,3,3,5,4,4,5,,
111,4,5,6,4,5,5,,
111,2,1,6,5,4,2,,
111,6,5,4,3,3,3,,
111,6,3,5,3,4,3,,
111,3,3,6,5,6,5,3-4,"The transformation of that 3-note motive in the high register was a really good try at being Classical, but went on for just too long."
111,5,5,7,4,6,5,,
111,3,2,5,3,3,4,,
112,1,2,5,2,2,3,,
112,3,3,3,2,2,3,,
112,2,3,7,5,3,5,,
112,5,4,4,3,2,2,,
112,3,2,5,3,3,3,,
112,5,5,7,4,5,5,,
112,5,6,6,6,6,6,5,
112,3,2,7,3,4,1,,
113,6,5,5,6,6,4,,
113,3,3,5,6,6,5,,Much that's typical with the arpeggiations.  More likely to be Haydn than Mozart.
113,4,4,5,3,6,4,,
113,4,6,5,4,5,5,,
113,5,5,5,4,3,3,,
114,2,3,3,3,3,4,,
114,2,6,6,6,6,6,,
114,1,6,2,6,5,5,2,
114,4,4,5,5,5,7,,
115,1,1,1,2,3,1,,
115,4,4,5,3,4,5,,
115,2,4,5,5,5,5,,
115,3,2,4,4,2,3,1,The beginning was really atonal...internal consistency got better as the passage went on.
115,2,3,2,2,2,2,1,
116,3,2,7,2,2,6,5-6,Too repetitive.
116,5,5,6,5,2,6,3-4-6,
116,6,5,7,4,7,7,,
116,7,3,7,5,5,5,,
116,5,4,6,5,5,5,,Just needs a cadence…
116,5,4,4,3,4,7,,
116,2,1,3,2,3,3,,None
116,6,6,5,6,6,6,2,"I love the syncopation at 7 seconds, what joy! It sounds like Bach or Beethoven? I love the crossing of the voices, and the sonic filligre! But the ending...hm."
117,5,3,7,3,5,3,,
117,3,4,2,2,4,3,,
117,5,3,7,4,6,6,,
117,6,5,7,6,6,4,,
117,3,3,2,5,4,3,,
117,1,1,3,1,2,1,,
117,3,5,7,3,5,5,,
118,2,3,7,5,4,4,,
118,2,5,2,5,5,5,,
118,2,6,5,3,5,5,2,"This sounds like a Piano Sonata, just played with terrible timing and as a MIDI. The texture is too dense for a String Quaret of the Baroque era."
118,4,2,6,6,4,7,,
118,2,4,4,5,2,3,1,
118,1,1,1,2,2,2,1,Doesn't go anyplace.  Several atypical dissonances.
118,1,2,3,1,2,2,,
118,4,4,7,3,5,2,,
119,2,3,3,3,3,2,,Rhythmically it was not stylistically sympathetic. It was most similar to Stravinsky's neoclassicism.
119,6,4,7,6,5,6,,
119,6,4,6,5,5,5,,
119,5,4,4,5,4,5,,
119,4,5,2,4,4,4,2,
120,3,2,3,3,6,3,,
120,6,6,5,7,6,6,,
120,5,4,5,4,4,3,2,"A speed-up happened, or at least if felt like it at 0:05"
120,6,5,6,6,3,6,,
120,3,4,1,2,4,4,,
120,2,6,2,5,5,6,,"Sounds much more baroque than classical to me,  but otherwise a pleasing piece to listen to"
120,2,2,3,1,2,4,1-2,
120,6,4,6,5,6,6,3-4,
121,7,6,6,6,6,7,,
121,2,3,6,3,2,3,,
121,1,2,3,2,2,1,,
121,2,2,3,2,3,2,,Too much melodic and rhythmic repetition.
121,3,2,7,2,5,5,,
122,1,4,3,4,5,5,,
122,3,6,6,5,6,5,,
122,1,1,2,1,1,1,,
122,1,6,5,3,7,3,1,
122,4,5,3,3,2,6,,
122,3,6,6,6,5,3,,
122,1,1,2,1,2,3,1-2-3,Fairly random
122,2,5,6,6,4,5,,
123,6,6,7,5,4,4,,
123,6,6,6,5,7,6,,
123,5,4,5,4,4,5,,
123,4,4,6,2,3,3,,
123,5,6,7,7,5,7,,
124,4,3,7,3,3,2,,
124,4,4,4,6,5,6,,Sounded classical in parts but then more baroque
124,4,5,2,4,3,3,,
124,4,4,5,5,4,3,,
124,3,3,3,4,3,3,,
124,6,2,6,4,5,6,,
125,5,4,5,2,4,5,,
125,4,4,5,3,4,4,1,"In person, the opening section would have sounded gorgeous due to the necessity of instrumental collaboration to fulfill the fullness of the texture."
125,3,4,5,4,5,3,,
125,5,4,4,3,4,5,,
125,4,2,2,3,4,3,,
126,6,7,6,7,6,6,,
126,7,7,7,7,7,7,,
126,1,5,1,5,5,5,,"Baroque; Vivaldi, I believe."
126,7,7,7,7,7,7,,
126,1,2,1,1,3,1,,"The opening scale is too modern to be classical, sounds more like 20th century"
126,4,5,7,4,6,6,,
126,7,6,7,6,6,7,,
127,2,4,5,2,3,5,1-4,More in common with bad Baroque music than Classical
127,5,6,6,6,5,5,,
127,6,5,6,6,7,6,,
127,6,5,5,6,5,5,,
127,4,2,7,4,6,2,,
127,6,6,7,5,6,6,,
128,2,4,4,5,4,4,,"For this example, the arpeggiated bass was the most notable factor that this may not be a string quartet, but more likely written for piano."
128,2,2,3,4,4,3,1,
128,6,6,6,7,7,6,,
128,7,5,7,6,7,4,,
128,1,1,1,1,4,2,,"Sounds much more modern than a classical piece, interesting harmony"
129,5,7,6,7,7,7,,More Baroque than Classical.
129,4,6,7,6,7,7,,
129,7,4,7,3,4,4,,
129,1,5,1,5,5,5,,"Vivaldi, again."
129,7,7,7,7,7,7,,Pretty sure it's Vivaldi
129,1,7,7,7,7,7,,"Great excerpt, too baroque. The sequential patterns do no sound classical."
130,7,6,6,6,6,4,,
130,3,3,5,3,4,4,,Stylistically it was not in keeping with expectations of the classical string quartet. It sounded like a fugato with no countersubject.
130,7,6,7,7,7,7,,The fugal texture at the opening makes this convincing.
130,5,3,6,3,5,7,,
130,2,6,3,7,7,7,,"It's really pretty but again to me sounds more baroque than classical, sounds a bit like Vivaldi"
130,7,5,6,5,4,4,,
130,3,5,5,4,6,4,,
131,5,6,6,5,5,3,,
131,6,7,7,6,7,7,,
131,7,7,5,7,7,6,3,
131,7,5,7,6,6,7,,
132,4,5,5,4,5,5,,
132,7,7,6,6,6,7,1,"I love the ever lifting tonality and lightness of the composition! This is true, Baroque magic, encapsulated in a MIDI file. Feels like early Mozart."
132,6,5,6,6,6,6,,
132,7,5,7,5,5,6,,
132,7,6,7,7,6,7,,
132,6,4,6,4,2,3,,
132,7,6,5,6,7,6,,
132,4,4,4,3,3,5,,
133,7,5,7,5,5,5,,
133,7,7,7,6,6,7,,
133,6,5,6,5,5,4,,
133,6,5,4,6,6,6,,
133,6,6,6,6,5,7,,
133,6,6,6,5,5,5,,
134,6,4,7,5,5,6,1-2-3,"sequence goes on far too long, otherwise a match"
134,5,4,6,5,5,5,,
134,3,6,6,6,4,6,,
134,5,6,7,7,6,6,,
134,7,7,7,7,7,7,,
134,1,7,7,7,7,7,,"Too sequential to be ""Classical"""
134,5,5,7,5,6,6,,"When a passage is purely sequential like this, it makes my ears long for a resolution...but it never came. I'm so on edge!"
135,7,6,7,7,6,7,,
135,2,5,5,4,5,6,,anachronistic-sounded like a fugue
135,7,6,7,7,6,5,,
135,2,7,6,5,5,4,,"I liked, but not especially typical of Classical."
135,6,7,7,5,7,5,,nice circle of fifths progression :-) The triplets section is very Haydnesque
135,7,7,7,7,7,7,,"I don't know it, but this one sounds real."
136,7,7,7,7,6,7,,
136,3,5,4,5,5,5,,"This sounds more Baroque than Classical to me, but it could conceivably be the latter."
136,7,3,7,4,5,5,,
136,7,7,7,7,7,7,,
136,7,7,7,7,7,7,,"The excerpt employs recognizable schemata, making it convincing."
136,5,4,6,5,4,5,,
136,7,6,6,5,6,6,,
136,2,2,6,2,2,3,,Too many sequences
137,6,4,5,6,6,6,,
137,6,5,7,5,6,6,,
137,7,6,7,7,7,6,,
137,6,4,7,6,7,2,,
137,7,7,7,7,6,7,,
137,7,6,7,6,7,7,,
137,7,5,7,5,5,5,,
138,7,5,7,5,5,6,,
138,3,2,4,3,2,4,,
138,6,5,7,6,6,7,,
138,4,3,7,3,5,3,,
138,7,5,7,6,6,7,,
138,5,2,5,4,4,4,,None
139,5,6,4,5,6,6,,
139,3,6,6,6,6,6,5,"It feels very Russian, perhaps Metdner because of the excessive amount of notes. The waves of minority in the beginning, and the repeated waves throughout."
139,6,7,6,7,6,7,3-6,nice
139,2,2,5,4,6,3,1-2,
139,6,4,4,5,6,6,,
140,1,4,6,3,4,4,,
140,7,7,7,6,7,7,,
140,6,5,5,4,5,5,,
140,7,6,7,7,6,7,,
140,4,4,4,3,3,4,,
140,5,3,5,4,3,5,,
141,4,3,6,5,3,5,,
141,6,4,6,4,5,3,,"The ""noodling"" isn't very interesting but is typical of spots in Classical-era works.  Out of context this ex. isn't engaging but again the music of this era has passages similar to this."
141,5,2,6,3,3,3,,
141,7,5,6,7,7,7,,
141,5,5,6,4,5,6,,
141,6,6,5,6,6,7,,
141,6,7,6,6,6,6,,
142,7,5,5,6,5,4,,
142,5,3,6,4,6,3,,
142,5,5,7,5,5,5,,
142,7,5,7,6,7,7,,
142,3,5,5,5,5,5,,
142,4,4,4,4,4,3,,
142,4,6,5,5,4,6,,
143,4,4,7,4,4,3,,
143,6,5,6,5,5,5,,
143,5,4,7,4,4,3,,
143,7,7,7,7,7,7,,
143,6,6,6,7,6,5,,
143,6,5,6,4,6,5,,
144,7,6,7,7,7,7,,
144,7,5,7,6,7,7,,
144,7,6,7,7,7,6,,"another one that sounds like it could be a ""real"" piece, though the pauses are quite a bit longer than I'd expect stylistically"
144,3,4,5,2,4,3,,
144,7,7,7,7,7,7,,
144,2,6,7,6,5,6,,
144,3,6,5,4,4,1,,
144,5,6,7,5,6,5,,
145,3,1,3,2,3,1,4,"the short scale at 0:10 seemed out of place, ande near rhe end it was way too repetitive."
145,6,3,6,5,6,5,,
145,1,1,2,2,3,3,,"Started more characteristic of the Baroque period, then too much repetition."
145,5,4,5,4,4,3,,
145,4,6,6,6,6,5,1,"Very robust and kingly in stature. I very much love this, and would love to heard the bass played by a rich 'bass.'"
145,4,3,6,2,3,2,,
145,5,5,5,4,5,4,,
145,6,6,7,6,6,6,,Also rather convincing.
146,3,2,3,3,2,3,,
146,2,2,1,1,3,1,,
146,4,2,4,3,5,4,,None
146,4,1,2,2,4,1,,
146,5,3,4,5,4,4,,
146,2,2,5,2,4,1,,
146,4,2,5,3,2,1,,
146,6,6,5,6,7,5,,
147,7,6,6,6,6,5,,
147,6,7,7,6,7,6,,
147,6,4,7,5,5,4,,
147,3,5,6,4,4,3,,
147,7,7,7,7,7,6,,
148,7,7,7,7,7,7,,
148,6,5,6,6,6,7,,"I can almost hear the cello playing the bassline, as the violins top the bass timbre with their treble voices. Beautiful!"
148,6,7,7,7,6,5,,
148,4,3,6,3,5,2,,
148,5,7,7,7,7,7,,
149,5,5,7,5,5,4,,
149,5,4,7,6,4,5,,
149,6,3,7,4,4,2,,
149,6,7,6,5,5,5,,
149,3,2,5,4,4,6,,
149,5,4,5,4,5,4,,
149,6,6,7,5,6,7,,
149,7,5,7,6,7,7,,
150,2,1,1,1,1,1,,"Seems a bit to extravagant perhaps to be classical, sounds more modern"
150,6,6,7,6,5,6,,
150,3,3,4,4,1,4,,
150,3,4,7,3,5,4,3,
150,3,1,5,1,3,5,,
150,2,3,3,1,1,2,3-4-5,
150,2,2,2,2,4,3,,
150,1,4,7,4,2,2,,
151,6,6,6,7,6,5,,
151,4,6,6,6,7,5,,
151,4,3,5,5,5,1,,The rhythms were very disjointed.  It sounded like a very poor MIDI realization.  I'm not sure if that's how it was supposed to sound...
151,2,2,5,5,5,2,,I'm not sure if my laptop was distorting the sound a little - it sounded very choppy
152,6,6,6,6,6,6,,
152,7,5,6,7,7,7,,Sounds based on Chopin
152,7,7,7,7,7,7,,
152,3,4,1,1,5,5,,
152,7,7,7,7,7,7,,
152,7,7,7,6,6,7,,
152,3,6,5,5,4,5,,
152,7,7,7,7,7,7,,"sounds amazing! is this really computer-generated? It's the only one so far that actually sounds like a ""real"" piece"
153,6,5,7,6,6,5,,
153,7,2,7,7,7,4,,
153,4,7,7,7,7,7,,that isn't an improv - sounds more like liszt
153,7,6,7,7,7,7,,
153,7,6,5,6,5,7,,
153,7,6,4,7,7,5,,
153,7,6,7,6,7,7,,
154,5,7,4,6,4,5,,
154,6,6,5,6,5,6,,
154,7,7,7,5,6,7,,
154,7,6,6,7,7,6,,None
154,7,5,6,6,5,5,,
155,7,5,5,5,7,6,,
155,3,5,6,7,7,7,,"Sounds great, just doesn't sound improvised."
155,7,7,6,7,7,7,,
155,7,7,7,7,7,7,,
155,7,7,7,7,7,7,,
155,7,6,7,6,6,6,,
155,5,4,6,6,6,5,,
155,7,5,6,7,7,6,,Stylistically consistent
156,1,3,1,2,2,3,,See above.
156,2,5,6,6,5,5,,
156,3,6,6,5,3,3,,
156,4,6,4,5,6,6,,
156,3,4,4,4,5,2,,
156,2,3,4,5,5,3,,
156,3,5,5,6,7,7,,
156,7,6,6,6,7,6,,
157,4,3,7,6,4,6,,
157,7,6,7,3,5,5,,Sounds like an early 1800s piece
157,6,6,7,7,7,7,,needs the pedal. that's the biggest stylistic issue.
157,6,7,6,7,6,6,,
157,5,5,6,5,6,4,,
157,6,6,6,4,4,4,,
158,5,6,5,6,6,6,,"Very gorgeous! Again, it reminded me of an anime opening soundtrack."
158,3,5,5,6,3,4,,
158,6,3,5,5,5,6,,
158,6,6,4,6,6,4,,
158,4,6,4,5,6,5,,
158,2,1,7,2,2,2,,Also sounds like pop music.
159,6,7,6,5,6,7,,
159,4,5,6,5,4,4,,
159,7,7,4,7,7,7,,
159,3,3,6,3,3,3,,
159,1,4,6,6,6,6,,
159,7,6,6,7,7,7,,
159,2,5,7,6,7,6,,"sounds great, but more stylistically like pop / showtunes"
159,2,3,7,6,6,6,,Sounds too much like a 20th century pop song especially at 0:19
160,6,5,3,6,3,5,,
160,7,7,7,7,7,7,,
160,2,4,4,5,4,5,,
160,5,4,6,5,7,5,,
160,7,6,6,7,7,5,,
160,6,3,7,5,6,5,4-5,
160,5,5,4,6,6,6,,
160,2,7,7,7,7,7,,
161,5,5,6,6,6,6,,
161,3,2,5,4,6,4,5,
161,3,7,7,7,7,7,2-3,
161,5,7,6,7,7,7,,Doesn't sound pre 1900
161,5,4,5,7,6,7,,
161,7,5,7,7,7,7,,
161,4,7,7,7,7,6,,
162,7,7,7,7,7,7,,
162,5,5,4,3,3,6,,Bit more modern again
162,7,6,7,7,7,7,,
162,7,4,7,5,5,3,,
162,7,7,7,6,6,6,,
162,7,7,7,7,7,7,,
162,6,5,3,6,5,6,,
163,6,6,7,6,7,6,,
163,3,2,6,3,5,3,,
163,5,5,7,5,2,6,,
163,1,4,5,5,5,5,,
163,7,7,7,7,7,7,,
163,1,4,5,5,5,6,,
163,4,4,4,5,5,4,,
163,4,4,4,5,5,5,,If it had been performed differently (but keeping the notes as they are) it would have sounded more convincing stylistically.
164,5,5,5,6,2,4,,
164,4,4,7,6,4,4,1,
164,6,6,6,5,6,5,,It sounded quite Ravelian and Impressionistic in its material makeup.
164,7,7,7,7,7,6,,
164,6,5,6,5,6,6,,
165,2,6,6,4,5,7,,
165,2,1,7,2,1,2,,
165,2,6,7,5,3,4,,
165,3,6,6,5,4,5,,
165,4,7,7,7,7,7,,"Sounds like lo-fi ""chill vibes"" music, not so classical"
165,1,5,4,5,5,5,,
166,3,2,5,4,4,2,,Not enough variety in note lengths & patterns.  Not distinctive.
166,1,5,5,7,6,7,,Sounds like a 20th century pop song.
166,2,5,6,5,5,6,,
166,2,4,4,4,4,4,,
167,7,7,5,5,4,4,,
167,6,6,7,6,7,6,,
167,6,6,3,6,6,6,,
167,7,6,7,7,7,7,,
167,7,3,6,5,6,6,3,The bass line starting at 0:12 sounds like its from the Chopin Fantasie Impromptu.
167,7,4,6,5,5,5,,
168,2,2,7,3,3,3,,"Opens with long baroque-like sequence.  When it break away from that, seems rather pedestrian.  Harmony is not of our era."
168,6,6,5,6,6,7,,
168,4,3,5,3,4,3,,
168,7,6,7,7,7,7,,
168,7,5,7,7,7,7,,
169,7,4,7,6,6,6,,
169,4,3,7,4,7,3,,
169,5,4,7,4,5,5,,
169,7,6,7,6,6,5,,
169,7,3,5,4,5,5,,
170,7,7,7,7,7,7,,
170,2,5,6,5,5,5,,
170,7,6,7,7,7,7,,
170,1,3,5,5,5,3,,Sounds very modern
170,7,7,7,7,7,5,,"YES! I loved this so much, it reminded me of an anime soundtrack. Wonderful, I loved it so much. Bring back Black Butler!"
170,3,7,5,7,7,7,,Sounds like a pop/lite jazz thing...not before 1900
170,6,6,5,5,4,5,,
170,4,5,6,5,4,5,,
171,2,1,5,2,2,2,,I think I recognize this as a piece of pop music. Not convincing.
171,1,4,4,6,6,6,,
171,1,5,4,5,6,5,,Very pop feel.
171,5,2,6,6,5,3,,
171,3,2,6,6,4,5,,
171,1,6,5,6,3,5,,
171,1,6,4,6,2,3,,
172,3,6,5,4,4,3,5,
172,7,5,6,5,5,7,,
172,1,5,3,4,5,5,,sounds like yiruma
172,3,3,6,4,3,4,,
172,2,1,7,2,2,2,,Lots of repetition--way too much!  An odd mix of conventional and random material.
172,6,6,7,6,6,3,,"The piece should have been wildly slower, but overall felt and was wonderful."
173,7,6,6,5,6,5,,
173,5,6,5,7,6,4,,
173,7,6,6,6,4,6,,
173,4,7,6,6,7,7,,
173,5,7,6,7,5,6,,Sounds like a pop piano piece that emulates the classical style
173,3,6,4,7,6,4,,
173,6,5,6,6,6,4,,"This one still has somewhat disjointed rhythms, but it's much more realistic than the previous examples."
173,5,5,5,5,4,5,,
174,5,5,4,5,6,5,,
174,3,4,3,4,3,3,,
174,3,4,4,4,6,5,,
174,3,1,6,1,1,1,,Also sounds like pop music.
174,2,3,6,2,3,1,,"Opening had possibility, but then quickly became aimless and the gestures were not interesting enough to sustain that demeanor."
174,4,3,4,5,4,5,,None
174,3,3,5,3,4,2,,
175,4,6,4,5,3,4,,
175,4,2,5,3,5,5,,
175,1,6,6,5,5,5,,
175,1,4,5,5,4,3,,
175,6,4,6,7,6,5,,
175,3,1,6,3,3,3,,
175,7,7,7,7,7,7,,
176,1,1,1,1,1,1,,
176,2,2,4,2,4,2,,
176,1,1,1,1,2,1,,
176,3,4,3,5,4,5,,
176,3,2,3,2,2,2,,
176,4,5,6,3,6,6,,Sounds more like jazz comping than classically-driven improv
176,2,3,2,1,3,2,,The beginning sounds a bit like jazz
177,1,1,3,1,2,2,,
177,2,3,3,5,3,4,,
177,2,2,1,1,4,1,,
177,3,2,4,3,4,2,,
177,2,1,1,3,2,1,,
177,1,1,1,1,1,1,,Random notes!!!
177,5,5,5,4,5,4,,
177,1,1,2,1,2,1,,
178,6,5,4,5,5,3,,
178,1,1,3,1,1,1,,
178,2,1,1,2,2,2,,
178,5,5,6,3,4,5,,
178,5,4,6,4,4,5,,
178,3,3,4,4,6,4,4-5,"Liked the opening, which seemed to project a good deal of freedom & imagination & gesture. But at the midpoint the contrast sparseness didn't hold my attention."
178,4,4,7,4,4,4,,
178,1,1,1,1,1,1,,Messy and confusing
179,7,6,2,6,5,6,,
179,4,2,3,4,3,1,,
179,5,1,5,3,3,1,,
179,3,1,6,4,3,3,,
179,2,2,2,4,3,2,,
179,4,2,1,3,6,2,,
179,2,2,5,1,1,1,,
179,1,1,1,1,1,1,,
180,1,1,1,1,1,1,,No. Ew.
180,1,1,1,1,1,1,1-2-3-4-5,Random notes except for part f.
180,3,1,2,2,2,2,,
180,1,5,2,6,6,7,,"Not classical at all, sounds like Hans zimmer, also similar to river flows in you"
180,5,2,2,2,3,3,,
180,1,1,2,1,2,1,,
180,2,1,2,1,1,1,,
180,4,3,6,4,4,2,,
181,5,5,4,4,3,2,,
181,1,2,4,3,2,2,,
181,1,2,1,2,5,2,,
181,6,7,6,7,7,5,,I love this it's really pretty but again I can't put my finger on an era
181,1,5,2,3,2,5,,
181,2,3,1,1,2,2,,
181,4,2,4,3,2,4,,
182,4,2,7,2,2,4,,
182,4,1,2,2,2,1,,
182,2,2,4,3,2,2,,
182,1,1,3,1,1,2,,
182,1,1,2,1,3,3,,
183,1,4,1,2,2,4,,"I think this one is also ""scrambled."""
183,3,2,2,2,2,2,,
183,2,3,2,3,4,3,,
183,3,2,1,2,2,2,,
183,5,5,4,4,5,5,,
183,2,3,3,2,2,3,,
183,6,7,5,6,6,4,,
183,6,4,4,5,6,6,,
184,4,2,2,3,3,1,,
184,3,4,4,3,5,2,,
184,2,1,1,1,1,2,,
184,1,2,3,1,3,1,,
184,3,1,2,2,3,3,,
185,1,1,1,1,1,1,,
185,3,2,3,3,4,2,,Randomly switched textures
185,1,1,2,1,2,1,,None
185,3,3,1,3,3,2,,
185,2,1,1,1,1,2,,
185,1,3,1,1,1,1,,
186,1,2,3,1,1,1,,
186,1,2,2,1,1,1,,
186,1,4,1,2,2,3,,"Maybe I'm having a computer issue, or else the examples are getting REALLY weird."
186,1,1,1,1,1,2,,
187,4,2,2,5,4,1,,
187,2,4,2,2,1,1,,"Obviously, this person was samplying a large array of styles, and now 'playing' a piece. The disjunct nature is quite obvious."
187,1,1,2,1,1,1,,
187,4,3,2,2,2,2,,
187,6,3,3,3,3,5,,
188,4,3,5,3,4,3,,
188,2,1,1,1,2,1,,
188,6,5,4,5,5,5,,
188,1,1,2,1,1,1,,
189,5,6,4,3,6,7,,"Not about melody; focus on gesture & mood, which was constantly shifting."
189,4,3,5,3,3,3,,
189,1,1,1,1,1,1,,Random notes!!!
189,6,6,6,6,6,6,,Sounds a bit like a virtuoso piece by Liszt
189,2,3,2,3,4,5,,
189,4,2,2,3,3,1,,Again - sounded very stilted
190,2,3,3,3,3,3,6,
190,3,4,4,3,5,2,,
190,3,1,2,3,1,1,,
190,1,1,3,1,2,1,1-4,
190,1,3,2,2,2,2,,
190,4,3,2,3,3,3,,
190,2,2,3,2,2,2,,
191,1,6,1,1,2,3,2,"While this felt more like fooling around on the keyboard rather than serious improvisation, I could also very easily see some ""classical"" pieces from the 20th century emulating this kind of ""fooling around"" (like Kurtag's Jatekok)"
191,1,4,1,1,1,1,,Not written in the style of the common practice era.
191,4,3,2,3,3,3,,
191,2,4,5,2,3,2,,
191,2,2,3,2,2,1,,
191,3,2,4,3,2,2,,Again - stilted
191,1,1,1,1,1,1,,
191,1,1,1,2,4,1,,
192,2,3,3,2,2,3,,
192,1,1,1,2,1,1,,
192,5,3,1,2,1,1,,
192,3,1,3,3,1,3,,
192,4,3,4,4,4,3,,
192,2,3,4,5,5,1,,
192,3,2,2,2,2,1,,Again - very stilted
192,2,4,2,3,2,4,,
193,4,4,3,3,5,4,,
193,3,3,2,1,3,1,,
193,1,1,1,1,1,1,,
193,1,3,1,2,2,3,,See above.
193,2,2,3,1,2,2,1-2,
193,3,3,3,3,3,2,,
193,2,2,5,3,4,3,,"The beginning I violently detest. But the remainder is fine, but simply not my cup of tea."
194,1,1,2,1,1,1,,None
194,1,2,1,2,2,1,,
194,3,3,2,2,2,5,,"Bit strange I can't put my finger on an era really, not very distinctive"
194,6,5,3,2,3,4,,
194,1,1,1,2,2,3,,
194,2,2,2,2,4,4,,
195,3,1,1,3,2,5,,
195,1,1,2,1,1,1,,None
195,3,3,3,2,2,2,,
195,2,3,1,2,2,1,,
195,3,3,2,3,4,2,,
196,3,5,3,3,3,2,,"The running semi-quaver passage in the beginning betrayed the rest of the piece, which was odd and took a more 3/4 approach. Odd pairing."
196,6,5,6,4,3,4,,
196,4,4,6,6,5,5,,
196,5,3,3,5,4,3,,
196,2,2,3,2,5,2,,
196,4,2,3,3,2,1,,
196,5,3,3,3,3,4,,
196,5,5,5,3,3,2,,
197,3,1,3,1,1,2,,
197,1,1,1,1,2,1,,
197,1,5,3,1,1,3,,The first five seconds are rather convincing — the rest is not.
197,4,4,4,3,3,4,,
197,3,2,1,1,1,1,,
197,1,1,5,1,1,6,4,
197,4,2,2,4,2,2,,The opening especially sounds like some romantic gibberish
198,1,1,1,1,1,1,,
198,2,1,4,2,6,3,,
198,3,2,2,3,2,1,,
198,5,6,3,3,5,5,,
198,5,5,6,6,4,2,,
198,6,5,5,5,4,5,,
199,2,2,2,2,4,2,,"Not enough consistency to hold together although in a larger work, this segment could provide interesting contrast."
199,2,2,1,2,1,4,,Slightly better MIDI realization on this one.
199,3,3,3,3,3,3,,
199,4,2,3,2,1,3,,
199,2,2,2,2,1,1,,
200,5,2,5,2,2,1,,
200,1,2,6,3,5,4,,
200,2,2,1,2,3,1,,
200,1,3,5,5,5,1,2-3-4,Too rhythmically disjunct.
200,1,1,1,1,2,1,,
200,2,2,3,1,3,1,,
200,3,4,3,3,3,3,,felt like the recording was cut short
200,6,4,3,4,5,4,,
201,6,6,6,4,6,6,,"Again similar to Liszt, very experimental though"
201,4,3,2,2,4,2,,
201,5,4,5,5,3,1,,
201,3,1,4,1,1,1,,
201,4,1,1,1,3,2,,
201,5,2,4,3,4,4,,
201,3,2,2,3,3,2,,
202,2,1,2,2,3,1,,
202,1,1,2,1,1,1,,
202,3,2,5,1,4,3,,
202,2,1,3,3,3,2,,
203,3,3,4,3,2,3,,
203,2,1,3,2,2,1,,
203,2,2,4,3,3,3,,"A bit mudane in creation, but there were some harmonic chords that would suggest training, and additional lyric melody-like structures."
204,3,3,4,3,2,4,,
204,1,1,1,1,1,1,,Excessive trills
204,6,3,4,6,4,7,,
204,1,1,4,1,1,1,,None
204,1,1,7,1,1,1,2-3,The repetitive and bass and random injections at the end sound strange.
204,4,5,3,2,3,5,,
204,2,2,4,2,3,2,,
204,2,3,6,2,3,3,,
205,1,5,6,1,6,5,4-5-6,
205,4,5,3,2,3,7,2-3,The opening through 0:13 because I am interested in computer music.  I like the swarm-like rhythms!
205,2,1,5,1,1,2,,
205,3,3,5,3,1,2,,
205,1,1,1,1,1,1,,
205,5,6,2,3,5,3,,
205,6,6,7,3,5,5,,Sounds like it could be a late classical improvisation
206,2,2,3,2,5,2,,Some cadences
206,3,1,2,4,2,2,,
206,1,1,4,1,2,1,,
206,2,1,6,3,2,2,,Sounds like the performer is very unsure about if the notes go together or not.
206,6,3,4,6,6,2,,
207,2,2,2,2,2,2,,
207,2,2,4,3,3,4,,
207,3,2,5,3,2,4,,
207,2,2,5,2,1,2,,
207,4,3,3,3,4,4,,
207,4,3,5,3,3,3,,
207,2,2,3,2,2,1,,This listening was all around terrible.
208,1,1,2,1,2,1,,
208,7,7,5,7,7,5,2-3,
208,3,3,2,3,3,2,,
208,3,2,2,3,3,2,,
208,3,3,2,3,3,3,,
208,6,3,4,3,5,2,,
208,6,6,2,6,6,6,3,
208,3,4,4,4,3,2,,
209,3,4,3,2,2,6,,"I may be having a software issue — this one sounds a bit ""scrambled."""
209,3,1,4,3,3,2,,
209,5,5,4,3,4,6,,
209,1,1,2,1,2,2,,"The blend of conventional & tonal with erratic & dissonant did not, for me, create a cohesive statement.  The two hands functioned as if from different eras."
209,5,3,5,3,1,3,,
209,2,1,6,2,2,1,,
209,4,3,5,1,2,1,,Very unappealing melody and rhythm.  It's just a bunch of trills.
209,3,2,4,5,5,4,,
210,4,2,3,2,3,2,,
210,1,1,4,1,3,2,,Seemed like a parody of improv.
210,4,4,5,5,4,4,,
210,1,1,2,1,1,1,,
210,5,4,3,4,4,2,,
210,1,3,5,3,2,5,,
210,1,1,1,1,1,1,,
210,5,2,3,4,6,3,,
211,2,1,3,3,3,5,,
211,4,5,4,5,5,3,,
211,4,3,3,3,4,3,,
211,1,1,2,3,2,1,,
211,2,1,3,1,1,1,,
211,4,5,4,5,5,3,,
211,4,4,4,4,5,5,,
212,5,4,7,2,3,2,,
212,1,4,2,2,2,1,,Inconsistent with classical practice period but compelling to listen to.
212,1,5,2,1,1,4,,
212,3,2,4,3,3,1,,
212,5,5,2,5,5,1,,
212,3,2,4,4,3,3,,
212,5,6,6,4,6,2,,
212,7,5,6,6,5,6,,
213,4,3,3,3,2,2,,
213,5,5,5,4,5,5,,
213,2,2,6,1,2,2,,
213,1,1,2,1,2,1,,None
213,5,3,6,3,4,3,,
214,1,1,2,1,1,1,,
214,4,2,3,2,3,3,,
214,2,2,1,2,2,2,,
214,2,1,4,3,3,1,1-2-3,
214,3,3,4,2,5,2,,
214,1,1,1,1,1,2,,I think this was made by an actual person. The purposeful flexibility in tempo is what is making me think so.
215,1,2,3,2,1,1,,
215,1,2,3,3,3,2,,Again - not sure if was supposed to sound as stilted as it did?
215,3,1,5,4,4,3,,
215,2,2,2,2,2,2,,
215,5,5,4,5,5,5,,
215,1,2,5,1,2,1,,
215,1,5,7,1,4,5,,
216,1,1,1,1,1,1,,
216,6,2,3,4,2,2,,
216,5,4,6,5,5,3,,
216,3,3,6,2,4,2,,
216,2,3,7,2,1,6,,
216,4,4,6,5,5,3,,
216,1,2,1,1,1,1,,
216,1,1,1,1,2,1,,
217,2,2,6,3,2,2,,"Sounds vaguely plausible as an improvisation, but mostly random."
217,1,1,1,1,1,1,,
217,4,5,3,4,5,3,,
217,3,2,5,3,3,3,,
218,4,4,3,2,2,3,,Strange middle-ground between convincing and unconvincing. The stiff MIDI performances do not help here — an actual recording would be better.
218,2,1,2,1,2,3,,
218,1,1,2,1,1,2,,Lacks direction or gesture/shape.
218,4,2,4,3,3,3,,
218,2,2,4,2,5,4,,
218,2,1,2,2,2,1,,
218,3,4,6,4,2,6,,
218,6,2,5,3,2,3,,
219,3,3,4,3,4,3,,
219,3,3,4,4,4,4,,in a way reminded me of mozart
219,2,1,3,1,2,1,,
219,6,3,2,4,4,2,,
219,3,4,3,4,3,2,,
219,1,1,1,1,1,1,,
219,4,6,5,6,6,2,,
219,1,1,1,1,3,1,,
220,2,2,4,2,1,3,,"Some parts near the beginning are more convincing or the period, but the rest is not."
220,2,4,5,3,4,2,,
220,2,6,4,1,4,1,,
220,1,2,3,3,2,3,,"Was this made of all glissandi?! It sounded like a cat was rolling on the keys, what the hell."
220,1,1,2,2,2,2,,
220,5,3,1,2,2,1,,
220,1,1,2,1,3,1,,
220,2,5,2,4,3,3,,
221,2,1,2,2,1,1,,
221,4,2,6,3,3,2,,
221,2,1,5,1,2,2,,
221,1,1,1,1,1,1,,
221,2,2,2,2,2,2,,
222,1,1,3,3,3,2,,
222,5,3,5,2,4,5,,
222,4,5,6,5,3,3,,
222,1,4,1,2,2,4,,I'm not sure the example is playing back correctly.
222,2,2,3,3,2,4,,
222,3,4,4,3,5,2,,
223,6,4,5,6,4,7,,
223,5,4,6,4,3,6,,
223,4,2,3,4,5,2,4-5-6,The excerpt almost changes entirely after 0:15 to become more cohesive
223,3,3,2,2,4,3,,
224,3,2,2,1,2,1,,Too many notes to be coherent
224,5,4,5,5,2,5,,
224,5,5,4,3,4,4,,
224,6,6,5,7,5,5,,
224,2,3,3,4,3,2,,
224,1,1,6,1,1,1,,Too busy and lacking harmonic and melodic structure.
224,6,7,6,6,6,6,,Sounded romantic period
224,2,1,3,2,1,2,,
225,4,4,3,3,2,3,,
225,1,2,5,2,4,3,,
225,2,5,5,6,2,1,,
225,3,7,6,6,7,6,,"Just sounds more modern, although it's really pretty, it sounds like a modern take on composers like Liszt or Chopin"
225,1,1,5,2,2,2,,
225,1,1,1,1,1,1,,Nope.
225,5,4,4,4,5,4,,
226,2,1,6,4,2,5,,Polytonality!
226,1,7,7,7,7,7,,
226,5,7,7,6,5,6,,I love the stratification of different rhythms and tonalities.  It sounds like Nancarrow.
226,1,4,2,1,1,3,,
226,3,2,5,3,3,6,,
227,4,4,6,4,6,2,,
227,5,5,3,5,5,4,,
227,7,7,7,7,7,7,,
227,7,6,7,6,6,5,,
227,6,6,7,7,7,7,,
228,2,3,6,2,5,1,,
228,2,5,6,5,4,5,,Sounds more modern than anything else
228,4,3,4,3,5,4,,
228,2,2,3,3,4,4,,Not characteristic of the common practice era.
228,3,3,4,6,3,2,,
228,5,2,3,2,1,2,,
229,2,6,3,5,6,4,,
229,5,4,5,6,5,3,,
229,4,6,3,3,4,3,,
229,3,4,4,3,4,2,,
229,2,3,3,3,3,2,,
229,1,2,2,1,7,2,,
230,1,2,6,3,3,5,,
230,5,2,4,3,5,3,,
230,2,5,4,4,2,5,,
230,7,7,7,7,7,7,,"Really lovely piece, could be Liszt or something similar. Definitely stylistically successful!"
230,3,4,3,4,3,2,,
230,1,1,2,1,2,1,,"Whole right hand seems like one giant ornament running along.  Left hand interjections like distinction.  Based on this sample, I'll pass.  Etude-like."
230,4,1,3,2,3,4,,
230,2,3,4,3,2,5,,
231,4,6,2,5,5,6,,
231,3,3,6,4,6,6,,
231,4,4,4,4,4,4,,
231,3,2,3,2,2,2,,
231,5,4,7,4,4,5,,
231,6,5,7,6,5,7,,
232,4,2,3,2,3,4,,
232,5,4,4,3,3,4,,
232,3,5,3,4,5,6,,
232,5,4,6,4,5,5,,
232,5,5,5,6,6,5,,
232,4,4,5,5,4,3,,
232,5,5,6,5,5,3,,
233,5,4,4,4,4,3,,
233,6,5,7,6,6,6,,
233,3,4,1,5,6,3,,
233,6,7,6,6,4,7,,
233,4,3,6,4,5,4,,
233,6,6,2,6,5,5,5,FOr Q2 there is one note at 0:23 that seems out of place with the style of the time. It adds chromaticism that has not been introduced beforehand so stands out a bit.
233,4,1,6,6,5,3,,
234,1,1,2,3,1,3,,Too manic
234,5,6,6,6,6,7,,Sounds like a tango.
234,3,6,2,6,6,6,,
234,4,6,5,5,5,4,,
234,5,6,7,6,6,7,,Sounds like a tango?
234,2,4,4,5,4,3,,The main melodic idea is broadly compatible with the style but the rhythm is not.
234,4,5,5,5,4,4,,
235,2,3,2,3,1,6,,
235,5,4,4,5,4,5,,
235,2,3,3,1,3,2,,
235,4,2,4,4,3,5,,
235,2,3,4,2,4,3,,
236,1,6,7,3,7,7,,"Carol of the Bells. Given that the piece was originally written in 1914, this doesn't fit the ""classical"" timeframe."
236,3,2,6,4,4,4,,
236,2,4,5,5,5,3,,None
236,1,5,3,1,6,1,,
236,2,2,7,2,2,2,,Quite static although not exact.
236,4,3,5,3,4,2,,Sounds like a improvisation on a christmas tune
237,1,5,7,7,3,6,,
237,4,4,6,5,3,4,,
237,3,3,6,3,4,4,,
237,6,4,5,6,3,5,,
237,4,4,4,2,2,3,,
237,2,2,5,4,3,2,,
238,5,4,4,5,4,5,,
238,5,3,5,3,3,5,,
238,4,4,4,5,6,4,,
238,6,6,6,5,6,5,,
238,7,6,6,7,7,7,,
238,5,6,6,6,7,6,,"Sounds like harmonic accompaniment, the opening sounds familiar."
239,5,5,6,6,5,6,,
239,6,5,6,6,7,5,,
239,5,5,6,2,3,3,,
239,6,6,5,5,6,5,1,I love that the melody is clear and succinct within the harmonic texture.
239,6,6,7,6,5,5,,
239,7,7,7,7,6,7,,I really enjoyed the slight rhythmic deviations from expectations in the melody.
240,2,3,3,2,2,2,,
240,7,7,7,7,6,7,4,
240,3,2,2,2,3,2,,
240,3,3,3,2,3,3,,
240,6,6,2,4,2,4,,
240,3,5,6,6,6,3,,
240,2,3,5,4,3,3,,
240,3,3,5,6,4,3,,
241,6,5,7,6,6,6,,
241,6,7,6,6,4,7,,
241,3,5,5,4,4,6,,
241,5,7,5,7,7,5,,
241,7,7,6,7,7,7,,
241,6,6,5,6,6,6,,Beautiful and soulful. I became invested into the artistry presented in this improv and would have loved to have heard the rest.
241,7,6,7,7,6,5,,
241,4,6,5,5,6,5,,modern chord prog.
242,7,5,7,7,7,7,,
242,5,5,7,3,4,6,1,"It was very arpeggiatic in the beginning, but it blossomed into a reasonably well put together improvisational creation."
242,7,5,7,5,6,5,,
242,6,3,6,3,4,4,,
242,7,3,6,5,4,4,,
242,7,2,7,7,6,4,,
242,6,5,5,6,5,6,,
242,6,6,5,5,6,6,,
243,5,4,5,5,4,6,,
243,7,7,7,7,7,7,,
243,5,6,5,6,7,6,,
243,6,3,6,7,6,6,,
243,7,7,7,7,7,7,,
243,7,5,1,5,5,5,,
244,4,4,5,4,3,4,,
244,1,2,7,3,3,2,,
244,5,5,3,7,6,4,,
244,5,3,2,4,2,4,,
244,5,5,6,5,6,4,,
244,5,4,4,3,5,5,,
244,5,6,6,6,4,5,,
245,2,5,4,5,5,6,,
245,3,4,2,3,4,5,,"The rhythms are more modern, sounds a bit like a game soundtrack"
245,5,5,6,4,4,4,,"Feels very much like a moveable treble line with alberti bassesque movement. Very typical, contemporary piano aesthetic."
245,4,5,6,4,3,4,,
245,2,6,6,5,4,5,,
245,4,4,3,5,3,4,,
246,5,4,5,2,3,7,,
246,6,6,3,2,6,6,,
246,3,3,2,3,4,4,,
246,6,6,4,3,6,4,,A romantic aesthetic with more modern harmony and melodic material.  Somewhat interesting.
246,5,4,5,3,4,3,,Sounds a bit like some Schubert Impromptus
246,7,6,6,6,5,6,,
247,7,2,6,5,7,4,,
247,3,6,2,5,5,4,1,
247,7,6,6,6,7,7,,
247,7,7,7,7,7,5,,
247,6,7,7,7,7,7,,
247,6,7,5,5,5,7,,
247,6,6,6,5,5,4,,
247,7,5,7,3,5,6,,
248,2,3,4,4,5,2,,"Started well enough, but soon because stylistically incoherent."
248,6,6,7,6,7,5,,
248,5,5,2,4,3,3,,
248,7,6,7,6,6,7,2,
248,4,3,3,2,3,4,,
248,3,4,3,4,3,2,,
249,3,1,4,4,4,4,,
249,5,5,6,5,5,5,,
249,5,3,2,4,4,4,,
249,2,2,5,2,2,2,,
249,1,2,4,3,3,5,,
249,5,5,7,6,5,6,,
249,5,6,3,5,6,5,,
250,4,6,7,7,5,6,,
250,2,3,5,3,4,4,,
250,5,7,6,4,5,5,,
250,5,3,4,4,3,4,,
250,6,3,4,4,3,5,,
250,5,2,4,2,3,4,,
250,4,4,4,4,4,4,,
250,2,1,2,2,3,1,,
